keys,en,fr_CA
item.dictaphone.name,Dictaphone,Dictaphone
item.dictaphone.desc,A pocket dictaphone. There is a tape inside. I don’t remember buying it.,Un dictaphone de poche. Il y a une cassette dedans. Je ne me souviens pas de l’avoir acheté.
item.wristband.name,Wristband,Bracelet d’identité
item.wristband.desc,A hospital wristband on my left wrist. Something is printed on the inside.,Un bracelet d’hôpital à mon poignet gauche. Quelque chose est imprimé à l’intérieur.
item.photograph.name,Photograph,Photographie
item.photograph.desc,"Two children on a porch, squinting at the sun. 1975, written on the back.","Deux enfants sur une galerie, plissés par le soleil. 1975, écrit au dos."
item.choleric_key.name,Choleric Key,Clé colérique
item.choleric_key.desc,A yellow brass key stamped with a flame and the word CHOLERIC.,Une clé de laiton jaune frappée d’une flamme et du mot COLÉRIQUE.
item.music_box_crank.name,Music Box Crank,Manivelle de boîte à musique
item.music_box_crank.desc,A tiny brass crank. It must belong to a music box.,Une minuscule manivelle en laiton. Elle doit appartenir à une boîte à musique.
item.f01_admission_file.name,Admission File,Dossier d’admission
item.f01_admission_file.desc,My own admission file. 1976.,Mon propre dossier d’admission. 1976.
item.f02_fire_clipping.name,Newspaper Clipping,Coupure de journal
item.f02_fire_clipping.desc,A yellowed clipping about a house fire.,Une coupure jaunie au sujet d’un incendie.
